Probe-AF1,Probe-AF2,Probe-AF3,Probe-AF4,Probe-AF5,Probe-AF6,Probe-AF7,Probe-AF8,Probe-MF1,Probe-MF2,Probe-MF3,Probe-MF4,Probe-MF5,Probe-MF6,Probe-MF7,Probe-MF8,Probe-SS1,Probe-SS2,Probe-SS3,Probe-SS4,Probe-SS5,Probe-SS6,Probe-SS7,Probe-SS8,Probe-PS1,Probe-PS2,Probe-PS3,Probe-PS4,Probe-PS5,Probe-PS6,Probe-PS7,Probe-PS8
Feb2026-AF-eval.Probe 3623,Feb2026-AF-eval.Probe 3630,Feb2026-AF-eval.Probe 3586,Feb2026-AF-eval.Probe 3582,Feb2026-AF-eval.Probe 3641,Feb2026-AF-eval.Probe 3650,Feb2026-AF-eval.Probe 3572,Feb2026-AF-eval.Probe 3598,Feb2026-MF-eval.Probe 2180,Feb2026-MF-eval.Probe 2192,Feb2026-MF-eval.Probe 2136,Feb2026-MF-eval.Probe 2202,Feb2026-MF-eval.Probe 2116,Feb2026-MF-eval.Probe 2160,Feb2026-MF-eval.Probe 2158,Feb2026-MF-eval.Probe 2154,Feb2026-SS-eval.Probe 6191,Feb2026-SS-eval.Probe 6186,Feb2026-SS-eval.Probe 6217,Feb2026-SS-eval.Probe 6234,Feb2026-SS-eval.Probe 6202,Feb2026-SS-eval.Probe 6236,Feb2026-SS-eval.Probe 6253,Feb2026-SS-eval.Probe 6231,Feb2026-PS-eval.Probe 5196,Feb2026-PS-eval.Probe 5198,Feb2026-PS-eval.Probe 5195,Feb2026-PS-eval.Probe 5193,Feb2026-PS-eval.Probe 5188,Feb2026-PS-eval.Probe 5207,Feb2026-PS-eval.Probe 5203,Feb2026-PS-eval.Probe 5184
Feb2026-AF-eval.Probe 3577,Feb2026-AF-eval.Probe 3638,Feb2026-AF-eval.Probe 3620,Feb2026-AF-eval.Probe 3570,Feb2026-AF-eval.Probe 3597,Feb2026-AF-eval.Probe 3629,Feb2026-AF-eval.Probe 3603,Feb2026-AF-eval.Probe 3656,Feb2026-MF-eval.Probe 2122,Feb2026-MF-eval.Probe 2159,Feb2026-MF-eval.Probe 2188,Feb2026-MF-eval.Probe 2150,Feb2026-MF-eval.Probe 2156,Feb2026-MF-eval.Probe 2191,Feb2026-MF-eval.Probe 2134,Feb2026-MF-eval.Probe 2193,Feb2026-SS-eval.Probe 6208,Feb2026-SS-eval.Probe 6238,Feb2026-SS-eval.Probe 6192,Feb2026-SS-eval.Probe 6234,Feb2026-SS-eval.Probe 6253,Feb2026-SS-eval.Probe 6188,Feb2026-SS-eval.Probe 6231,Feb2026-SS-eval.Probe 6218,Feb2026-PS-eval.Probe 5185,Feb2026-PS-eval.Probe 5196,Feb2026-PS-eval.Probe 5201,Feb2026-PS-eval.Probe 5193,Feb2026-PS-eval.Probe 5204,Feb2026-PS-eval.Probe 5190,Feb2026-PS-eval.Probe 5188,Feb2026-PS-eval.Probe 5207
Feb2026-AF-eval.Probe 3623,Feb2026-AF-eval.Probe 3587,Feb2026-AF-eval.Probe 3609,Feb2026-AF-eval.Probe 3645,Feb2026-AF-eval.Probe 3640,Feb2026-AF-eval.Probe 3633,Feb2026-AF-eval.Probe 3568,Feb2026-AF-eval.Probe 3576,Feb2026-MF-eval.Probe 2171,Feb2026-MF-eval.Probe 2181,Feb2026-MF-eval.Probe 2153,Feb2026-MF-eval.Probe 2120,Feb2026-MF-eval.Probe 2194,Feb2026-MF-eval.Probe 2130,Feb2026-MF-eval.Probe 2191,Feb2026-MF-eval.Probe 2158,Feb2026-SS-eval.Probe 6208,Feb2026-SS-eval.Probe 6239,Feb2026-SS-eval.Probe 6230,Feb2026-SS-eval.Probe 6234,Feb2026-SS-eval.Probe 6244,Feb2026-SS-eval.Probe 6194,Feb2026-SS-eval.Probe 6190,Feb2026-SS-eval.Probe 6229,Feb2026-PS-eval.Probe 5196,Feb2026-PS-eval.Probe 5186,Feb2026-PS-eval.Probe 5197,Feb2026-PS-eval.Probe 5199,Feb2026-PS-eval.Probe 5206,Feb2026-PS-eval.Probe 5190,Feb2026-PS-eval.Probe 5189,Feb2026-PS-eval.Probe 5207
Feb2026-AF-eval.Probe 3648,Feb2026-AF-eval.Probe 3632,Feb2026-AF-eval.Probe 3638,Feb2026-AF-eval.Probe 3570,Feb2026-AF-eval.Probe 3575,Feb2026-AF-eval.Probe 3611,Feb2026-AF-eval.Probe 3627,Feb2026-AF-eval.Probe 3584,Feb2026-MF-eval.Probe 2171,Feb2026-MF-eval.Probe 2121,Feb2026-MF-eval.Probe 2203,Feb2026-MF-eval.Probe 2146,Feb2026-MF-eval.Probe 2194,Feb2026-MF-eval.Probe 2150,Feb2026-MF-eval.Probe 2175,Feb2026-MF-eval.Probe 2139,Feb2026-SS-eval.Probe 6225,Feb2026-SS-eval.Probe 6235,Feb2026-SS-eval.Probe 6234,Feb2026-SS-eval.Probe 6236,Feb2026-SS-eval.Probe 6204,Feb2026-SS-eval.Probe 6197,Feb2026-SS-eval.Probe 6247,Feb2026-SS-eval.Probe 6203,Feb2026-PS-eval.Probe 5196,Feb2026-PS-eval.Probe 5198,Feb2026-PS-eval.Probe 5194,Feb2026-PS-eval.Probe 5202,Feb2026-PS-eval.Probe 5191,Feb2026-PS-eval.Probe 5205,Feb2026-PS-eval.Probe 5188,Feb2026-PS-eval.Probe 5189
Feb2026-AF-eval.Probe 3577,Feb2026-AF-eval.Probe 3578,Feb2026-AF-eval.Probe 3585,Feb2026-AF-eval.Probe 3641,Feb2026-AF-eval.Probe 3650,Feb2026-AF-eval.Probe 3634,Feb2026-AF-eval.Probe 3627,Feb2026-AF-eval.Probe 3599,Feb2026-MF-eval.Probe 2192,Feb2026-MF-eval.Probe 2153,Feb2026-MF-eval.Probe 2143,Feb2026-MF-eval.Probe 2150,Feb2026-MF-eval.Probe 2182,Feb2026-MF-eval.Probe 2115,Feb2026-MF-eval.Probe 2191,Feb2026-MF-eval.Probe 2172,Feb2026-SS-eval.Probe 6230,Feb2026-SS-eval.Probe 6225,Feb2026-SS-eval.Probe 6244,Feb2026-SS-eval.Probe 6210,Feb2026-SS-eval.Probe 6194,Feb2026-SS-eval.Probe 6197,Feb2026-SS-eval.Probe 6241,Feb2026-SS-eval.Probe 6233,Feb2026-PS-eval.Probe 5198,Feb2026-PS-eval.Probe 5201,Feb2026-PS-eval.Probe 5187,Feb2026-PS-eval.Probe 5194,Feb2026-PS-eval.Probe 5202,Feb2026-PS-eval.Probe 5191,Feb2026-PS-eval.Probe 5207,Feb2026-PS-eval.Probe 5184
Feb2026-AF-eval.Probe 3595,Feb2026-AF-eval.Probe 3643,Feb2026-AF-eval.Probe 3570,Feb2026-AF-eval.Probe 3639,Feb2026-AF-eval.Probe 3634,Feb2026-AF-eval.Probe 3608,Feb2026-AF-eval.Probe 3572,Feb2026-AF-eval.Probe 3621,Feb2026-MF-eval.Probe 2200,Feb2026-MF-eval.Probe 2159,Feb2026-MF-eval.Probe 2119,Feb2026-MF-eval.Probe 2137,Feb2026-MF-eval.Probe 2183,Feb2026-MF-eval.Probe 2150,Feb2026-MF-eval.Probe 2191,Feb2026-MF-eval.Probe 2157,Feb2026-SS-eval.Probe 6191,Feb2026-SS-eval.Probe 6217,Feb2026-SS-eval.Probe 6234,Feb2026-SS-eval.Probe 6209,Feb2026-SS-eval.Probe 6254,Feb2026-SS-eval.Probe 6241,Feb2026-SS-eval.Probe 6232,Feb2026-SS-eval.Probe 6190,Feb2026-PS-eval.Probe 5185,Feb2026-PS-eval.Probe 5201,Feb2026-PS-eval.Probe 5195,Feb2026-PS-eval.Probe 5200,Feb2026-PS-eval.Probe 5202,Feb2026-PS-eval.Probe 5205,Feb2026-PS-eval.Probe 5192,Feb2026-PS-eval.Probe 5184
Feb2026-AF-eval.Probe 3580,Feb2026-AF-eval.Probe 3578,Feb2026-AF-eval.Probe 3630,Feb2026-AF-eval.Probe 3642,Feb2026-AF-eval.Probe 3616,Feb2026-AF-eval.Probe 3650,Feb2026-AF-eval.Probe 3584,Feb2026-AF-eval.Probe 3602,Feb2026-MF-eval.Probe 2181,Feb2026-MF-eval.Probe 2153,Feb2026-MF-eval.Probe 2194,Feb2026-MF-eval.Probe 2127,Feb2026-MF-eval.Probe 2191,Feb2026-MF-eval.Probe 2170,Feb2026-MF-eval.Probe 2145,Feb2026-MF-eval.Probe 2135,Feb2026-SS-eval.Probe 6198,Feb2026-SS-eval.Probe 6212,Feb2026-SS-eval.Probe 6240,Feb2026-SS-eval.Probe 6214,Feb2026-SS-eval.Probe 6232,Feb2026-SS-eval.Probe 6253,Feb2026-SS-eval.Probe 6188,Feb2026-SS-eval.Probe 6231,Feb2026-PS-eval.Probe 5201,Feb2026-PS-eval.Probe 5200,Feb2026-PS-eval.Probe 5187,Feb2026-PS-eval.Probe 5190,Feb2026-PS-eval.Probe 5192,Feb2026-PS-eval.Probe 5207,Feb2026-PS-eval.Probe 5203,Feb2026-PS-eval.Probe 5184
Feb2026-AF-eval.Probe 3594,Feb2026-AF-eval.Probe 3638,Feb2026-AF-eval.Probe 3643,Feb2026-AF-eval.Probe 3570,Feb2026-AF-eval.Probe 3607,Feb2026-AF-eval.Probe 3641,Feb2026-AF-eval.Probe 3621,Feb2026-AF-eval.Probe 3573,Feb2026-MF-eval.Probe 2200,Feb2026-MF-eval.Probe 2192,Feb2026-MF-eval.Probe 2137,Feb2026-MF-eval.Probe 2150,Feb2026-MF-eval.Probe 2156,Feb2026-MF-eval.Probe 2116,Feb2026-MF-eval.Probe 2174,Feb2026-MF-eval.Probe 2168,Feb2026-SS-eval.Probe 6191,Feb2026-SS-eval.Probe 6198,Feb2026-SS-eval.Probe 6228,Feb2026-SS-eval.Probe 6235,Feb2026-SS-eval.Probe 6202,Feb2026-SS-eval.Probe 6236,Feb2026-SS-eval.Probe 6247,Feb2026-SS-eval.Probe 6231,Feb2026-PS-eval.Probe 5201,Feb2026-PS-eval.Probe 5195,Feb2026-PS-eval.Probe 5186,Feb2026-PS-eval.Probe 5194,Feb2026-PS-eval.Probe 5202,Feb2026-PS-eval.Probe 5199,Feb2026-PS-eval.Probe 5203,Feb2026-PS-eval.Probe 5184
Feb2026-AF-eval.Probe 3630,Feb2026-AF-eval.Probe 3637,Feb2026-AF-eval.Probe 3582,Feb2026-AF-eval.Probe 3590,Feb2026-AF-eval.Probe 3618,Feb2026-AF-eval.Probe 3569,Feb2026-AF-eval.Probe 3608,Feb2026-AF-eval.Probe 3656,Feb2026-MF-eval.Probe 2201,Feb2026-MF-eval.Probe 2121,Feb2026-MF-eval.Probe 2148,Feb2026-MF-eval.Probe 2131,Feb2026-MF-eval.Probe 2165,Feb2026-MF-eval.Probe 2190,Feb2026-MF-eval.Probe 2185,Feb2026-MF-eval.Probe 2147,Feb2026-SS-eval.Probe 6193,Feb2026-SS-eval.Probe 6235,Feb2026-SS-eval.Probe 6248,Feb2026-SS-eval.Probe 6202,Feb2026-SS-eval.Probe 6197,Feb2026-SS-eval.Probe 6219,Feb2026-SS-eval.Probe 6241,Feb2026-SS-eval.Probe 6233,Feb2026-PS-eval.Probe 5201,Feb2026-PS-eval.Probe 5194,Feb2026-PS-eval.Probe 5199,Feb2026-PS-eval.Probe 5191,Feb2026-PS-eval.Probe 5192,Feb2026-PS-eval.Probe 5207,Feb2026-PS-eval.Probe 5203,Feb2026-PS-eval.Probe 5184
Feb2026-AF-eval.Probe 3648,Feb2026-AF-eval.Probe 3580,Feb2026-AF-eval.Probe 3642,Feb2026-AF-eval.Probe 3570,Feb2026-AF-eval.Probe 3591,Feb2026-AF-eval.Probe 3629,Feb2026-AF-eval.Probe 3622,Feb2026-AF-eval.Probe 3608,Feb2026-MF-eval.Probe 2181,Feb2026-MF-eval.Probe 2131,Feb2026-MF-eval.Probe 2203,Feb2026-MF-eval.Probe 2117,Feb2026-MF-eval.Probe 2189,Feb2026-MF-eval.Probe 2150,Feb2026-MF-eval.Probe 2168,Feb2026-MF-eval.Probe 2157,Feb2026-SS-eval.Probe 6213,Feb2026-SS-eval.Probe 6220,Feb2026-SS-eval.Probe 6194,Feb2026-SS-eval.Probe 6187,Feb2026-SS-eval.Probe 6254,Feb2026-SS-eval.Probe 6241,Feb2026-SS-eval.Probe 6232,Feb2026-SS-eval.Probe 6233,Feb2026-PS-eval.Probe 5196,Feb2026-PS-eval.Probe 5195,Feb2026-PS-eval.Probe 5200,Feb2026-PS-eval.Probe 5187,Feb2026-PS-eval.Probe 5205,Feb2026-PS-eval.Probe 5204,Feb2026-PS-eval.Probe 5203,Feb2026-PS-eval.Probe 5184
Feb2026-AF-eval.Probe 3632,Feb2026-AF-eval.Probe 3638,Feb2026-AF-eval.Probe 3612,Feb2026-AF-eval.Probe 3575,Feb2026-AF-eval.Probe 3574,Feb2026-AF-eval.Probe 3583,Feb2026-AF-eval.Probe 3615,Feb2026-AF-eval.Probe 3656,Feb2026-MF-eval.Probe 2161,Feb2026-MF-eval.Probe 2197,Feb2026-MF-eval.Probe 2192,Feb2026-MF-eval.Probe 2126,Feb2026-MF-eval.Probe 2183,Feb2026-MF-eval.Probe 2145,Feb2026-MF-eval.Probe 2158,Feb2026-MF-eval.Probe 2135,Feb2026-SS-eval.Probe 6208,Feb2026-SS-eval.Probe 6252,Feb2026-SS-eval.Probe 6230,Feb2026-SS-eval.Probe 6190,Feb2026-SS-eval.Probe 6215,Feb2026-SS-eval.Probe 6241,Feb2026-SS-eval.Probe 6232,Feb2026-SS-eval.Probe 6188,Feb2026-PS-eval.Probe 5196,Feb2026-PS-eval.Probe 5195,Feb2026-PS-eval.Probe 5200,Feb2026-PS-eval.Probe 5187,Feb2026-PS-eval.Probe 5191,Feb2026-PS-eval.Probe 5204,Feb2026-PS-eval.Probe 5207,Feb2026-PS-eval.Probe 5184
Feb2026-AF-eval.Probe 3578,Feb2026-AF-eval.Probe 3609,Feb2026-AF-eval.Probe 3585,Feb2026-AF-eval.Probe 3652,Feb2026-AF-eval.Probe 3613,Feb2026-AF-eval.Probe 3640,Feb2026-AF-eval.Probe 3635,Feb2026-AF-eval.Probe 3573,Feb2026-MF-eval.Probe 2121,Feb2026-MF-eval.Probe 2198,Feb2026-MF-eval.Probe 2146,Feb2026-MF-eval.Probe 2187,Feb2026-MF-eval.Probe 2195,Feb2026-MF-eval.Probe 2170,Feb2026-MF-eval.Probe 2145,Feb2026-MF-eval.Probe 2134,Feb2026-SS-eval.Probe 6191,Feb2026-SS-eval.Probe 6239,Feb2026-SS-eval.Probe 6235,Feb2026-SS-eval.Probe 6211,Feb2026-SS-eval.Probe 6246,Feb2026-SS-eval.Probe 6220,Feb2026-SS-eval.Probe 6231,Feb2026-SS-eval.Probe 6195,Feb2026-PS-eval.Probe 5185,Feb2026-PS-eval.Probe 5196,Feb2026-PS-eval.Probe 5195,Feb2026-PS-eval.Probe 5194,Feb2026-PS-eval.Probe 5199,Feb2026-PS-eval.Probe 5204,Feb2026-PS-eval.Probe 5207,Feb2026-PS-eval.Probe 5184
Feb2026-AF-eval.Probe 3578,Feb2026-AF-eval.Probe 3612,Feb2026-AF-eval.Probe 3590,Feb2026-AF-eval.Probe 3626,Feb2026-AF-eval.Probe 3570,Feb2026-AF-eval.Probe 3652,Feb2026-AF-eval.Probe 3629,Feb2026-AF-eval.Probe 3633,Feb2026-MF-eval.Probe 2149,Feb2026-MF-eval.Probe 2180,Feb2026-MF-eval.Probe 2130,Feb2026-MF-eval.Probe 2123,Feb2026-MF-eval.Probe 2155,Feb2026-MF-eval.Probe 2191,Feb2026-MF-eval.Probe 2196,Feb2026-MF-eval.Probe 2172,Feb2026-SS-eval.Probe 6191,Feb2026-SS-eval.Probe 6212,Feb2026-SS-eval.Probe 6192,Feb2026-SS-eval.Probe 6235,Feb2026-SS-eval.Probe 6244,Feb2026-SS-eval.Probe 6199,Feb2026-SS-eval.Probe 6215,Feb2026-SS-eval.Probe 6237,Feb2026-PS-eval.Probe 5198,Feb2026-PS-eval.Probe 5195,Feb2026-PS-eval.Probe 5193,Feb2026-PS-eval.Probe 5197,Feb2026-PS-eval.Probe 5202,Feb2026-PS-eval.Probe 5188,Feb2026-PS-eval.Probe 5207,Feb2026-PS-eval.Probe 5184
Feb2026-AF-eval.Probe 3577,Feb2026-AF-eval.Probe 3588,Feb2026-AF-eval.Probe 3638,Feb2026-AF-eval.Probe 3581,Feb2026-AF-eval.Probe 3642,Feb2026-AF-eval.Probe 3651,Feb2026-AF-eval.Probe 3615,Feb2026-AF-eval.Probe 3598,Feb2026-MF-eval.Probe 2200,Feb2026-MF-eval.Probe 2119,Feb2026-MF-eval.Probe 2137,Feb2026-MF-eval.Probe 2176,Feb2026-MF-eval.Probe 2189,Feb2026-MF-eval.Probe 2163,Feb2026-MF-eval.Probe 2150,Feb2026-MF-eval.Probe 2156,Feb2026-SS-eval.Probe 6191,Feb2026-SS-eval.Probe 6235,Feb2026-SS-eval.Probe 6223,Feb2026-SS-eval.Probe 6240,Feb2026-SS-eval.Probe 6245,Feb2026-SS-eval.Probe 6196,Feb2026-SS-eval.Probe 6232,Feb2026-SS-eval.Probe 6206,Feb2026-PS-eval.Probe 5195,Feb2026-PS-eval.Probe 5186,Feb2026-PS-eval.Probe 5194,Feb2026-PS-eval.Probe 5197,Feb2026-PS-eval.Probe 5202,Feb2026-PS-eval.Probe 5199,Feb2026-PS-eval.Probe 5207,Feb2026-PS-eval.Probe 5184
Feb2026-AF-eval.Probe 3589,Feb2026-AF-eval.Probe 3577,Feb2026-AF-eval.Probe 3578,Feb2026-AF-eval.Probe 3605,Feb2026-AF-eval.Probe 3628,Feb2026-AF-eval.Probe 3640,Feb2026-AF-eval.Probe 3615,Feb2026-AF-eval.Probe 3657,Feb2026-MF-eval.Probe 2129,Feb2026-MF-eval.Probe 2146,Feb2026-MF-eval.Probe 2194,Feb2026-MF-eval.Probe 2155,Feb2026-MF-eval.Probe 2195,Feb2026-MF-eval.Probe 2186,Feb2026-MF-eval.Probe 2118,Feb2026-MF-eval.Probe 2166,Feb2026-SS-eval.Probe 6208,Feb2026-SS-eval.Probe 6238,Feb2026-SS-eval.Probe 6234,Feb2026-SS-eval.Probe 6219,Feb2026-SS-eval.Probe 6247,Feb2026-SS-eval.Probe 6233,Feb2026-SS-eval.Probe 6188,Feb2026-SS-eval.Probe 6195,Feb2026-PS-eval.Probe 5201,Feb2026-PS-eval.Probe 5200,Feb2026-PS-eval.Probe 5202,Feb2026-PS-eval.Probe 5191,Feb2026-PS-eval.Probe 5205,Feb2026-PS-eval.Probe 5192,Feb2026-PS-eval.Probe 5189,Feb2026-PS-eval.Probe 5184
Feb2026-AF-eval.Probe 3623,Feb2026-AF-eval.Probe 3577,Feb2026-AF-eval.Probe 3646,Feb2026-AF-eval.Probe 3594,Feb2026-AF-eval.Probe 3570,Feb2026-AF-eval.Probe 3599,Feb2026-AF-eval.Probe 3640,Feb2026-AF-eval.Probe 3635,Feb2026-MF-eval.Probe 2140,Feb2026-MF-eval.Probe 2192,Feb2026-MF-eval.Probe 2152,Feb2026-MF-eval.Probe 2150,Feb2026-MF-eval.Probe 2114,Feb2026-MF-eval.Probe 2191,Feb2026-MF-eval.Probe 2172,Feb2026-MF-eval.Probe 2184,Feb2026-SS-eval.Probe 6193,Feb2026-SS-eval.Probe 6239,Feb2026-SS-eval.Probe 6212,Feb2026-SS-eval.Probe 6235,Feb2026-SS-eval.Probe 6249,Feb2026-SS-eval.Probe 6220,Feb2026-SS-eval.Probe 6194,Feb2026-SS-eval.Probe 6232,Feb2026-PS-eval.Probe 5196,Feb2026-PS-eval.Probe 5195,Feb2026-PS-eval.Probe 5194,Feb2026-PS-eval.Probe 5199,Feb2026-PS-eval.Probe 5204,Feb2026-PS-eval.Probe 5189,Feb2026-PS-eval.Probe 5203,Feb2026-PS-eval.Probe 5184
Feb2026-AF-eval.Probe 3580,Feb2026-AF-eval.Probe 3645,Feb2026-AF-eval.Probe 3639,Feb2026-AF-eval.Probe 3574,Feb2026-AF-eval.Probe 3592,Feb2026-AF-eval.Probe 3613,Feb2026-AF-eval.Probe 3608,Feb2026-AF-eval.Probe 3636,Feb2026-MF-eval.Probe 2120,Feb2026-MF-eval.Probe 2163,Feb2026-MF-eval.Probe 2155,Feb2026-MF-eval.Probe 2191,Feb2026-MF-eval.Probe 2132,Feb2026-MF-eval.Probe 2196,Feb2026-MF-eval.Probe 2157,Feb2026-MF-eval.Probe 2175,Feb2026-SS-eval.Probe 6252,Feb2026-SS-eval.Probe 6225,Feb2026-SS-eval.Probe 6197,Feb2026-SS-eval.Probe 6241,Feb2026-SS-eval.Probe 6232,Feb2026-SS-eval.Probe 6233,Feb2026-SS-eval.Probe 6205,Feb2026-SS-eval.Probe 6195,Feb2026-PS-eval.Probe 5198,Feb2026-PS-eval.Probe 5195,Feb2026-PS-eval.Probe 5187,Feb2026-PS-eval.Probe 5194,Feb2026-PS-eval.Probe 5197,Feb2026-PS-eval.Probe 5202,Feb2026-PS-eval.Probe 5199,Feb2026-PS-eval.Probe 5189
Feb2026-AF-eval.Probe 3577,Feb2026-AF-eval.Probe 3655,Feb2026-AF-eval.Probe 3609,Feb2026-AF-eval.Probe 3638,Feb2026-AF-eval.Probe 3630,Feb2026-AF-eval.Probe 3571,Feb2026-AF-eval.Probe 3591,Feb2026-AF-eval.Probe 3613,Feb2026-MF-eval.Probe 2201,Feb2026-MF-eval.Probe 2149,Feb2026-MF-eval.Probe 2165,Feb2026-MF-eval.Probe 2176,Feb2026-MF-eval.Probe 2152,Feb2026-MF-eval.Probe 2199,Feb2026-MF-eval.Probe 2143,Feb2026-MF-eval.Probe 2115,Feb2026-SS-eval.Probe 6226,Feb2026-SS-eval.Probe 6210,Feb2026-SS-eval.Probe 6248,Feb2026-SS-eval.Probe 6194,Feb2026-SS-eval.Probe 6241,Feb2026-SS-eval.Probe 6196,Feb2026-SS-eval.Probe 6232,Feb2026-SS-eval.Probe 6233,Feb2026-PS-eval.Probe 5185,Feb2026-PS-eval.Probe 5196,Feb2026-PS-eval.Probe 5195,Feb2026-PS-eval.Probe 5186,Feb2026-PS-eval.Probe 5200,Feb2026-PS-eval.Probe 5205,Feb2026-PS-eval.Probe 5190,Feb2026-PS-eval.Probe 5207
Feb2026-AF-eval.Probe 3577,Feb2026-AF-eval.Probe 3578,Feb2026-AF-eval.Probe 3654,Feb2026-AF-eval.Probe 3590,Feb2026-AF-eval.Probe 3634,Feb2026-AF-eval.Probe 3600,Feb2026-AF-eval.Probe 3613,Feb2026-AF-eval.Probe 3640,Feb2026-MF-eval.Probe 2152,Feb2026-MF-eval.Probe 2120,Feb2026-MF-eval.Probe 2191,Feb2026-MF-eval.Probe 2132,Feb2026-MF-eval.Probe 2186,Feb2026-MF-eval.Probe 2170,Feb2026-MF-eval.Probe 2145,Feb2026-MF-eval.Probe 2193,Feb2026-SS-eval.Probe 6226,Feb2026-SS-eval.Probe 6230,Feb2026-SS-eval.Probe 6251,Feb2026-SS-eval.Probe 6199,Feb2026-SS-eval.Probe 6197,Feb2026-SS-eval.Probe 6241,Feb2026-SS-eval.Probe 6231,Feb2026-SS-eval.Probe 6205,Feb2026-PS-eval.Probe 5185,Feb2026-PS-eval.Probe 5196,Feb2026-PS-eval.Probe 5195,Feb2026-PS-eval.Probe 5186,Feb2026-PS-eval.Probe 5200,Feb2026-PS-eval.Probe 5202,Feb2026-PS-eval.Probe 5205,Feb2026-PS-eval.Probe 5204
Feb2026-AF-eval.Probe 3580,Feb2026-AF-eval.Probe 3570,Feb2026-AF-eval.Probe 3628,Feb2026-AF-eval.Probe 3631,Feb2026-AF-eval.Probe 3593,Feb2026-AF-eval.Probe 3621,Feb2026-AF-eval.Probe 3602,Feb2026-AF-eval.Probe 3657,Feb2026-MF-eval.Probe 2177,Feb2026-MF-eval.Probe 2197,Feb2026-MF-eval.Probe 2128,Feb2026-MF-eval.Probe 2131,Feb2026-MF-eval.Probe 2195,Feb2026-MF-eval.Probe 2156,Feb2026-MF-eval.Probe 2145,Feb2026-MF-eval.Probe 2169,Feb2026-SS-eval.Probe 6217,Feb2026-SS-eval.Probe 6210,Feb2026-SS-eval.Probe 6251,Feb2026-SS-eval.Probe 6245,Feb2026-SS-eval.Probe 6232,Feb2026-SS-eval.Probe 6237,Feb2026-SS-eval.Probe 6188,Feb2026-SS-eval.Probe 6195,Feb2026-PS-eval.Probe 5195,Feb2026-PS-eval.Probe 5186,Feb2026-PS-eval.Probe 5197,Feb2026-PS-eval.Probe 5202,Feb2026-PS-eval.Probe 5199,Feb2026-PS-eval.Probe 5206,Feb2026-PS-eval.Probe 5190,Feb2026-PS-eval.Probe 5189
Feb2026-AF-eval.Probe 3580,Feb2026-AF-eval.Probe 3654,Feb2026-AF-eval.Probe 3637,Feb2026-AF-eval.Probe 3590,Feb2026-AF-eval.Probe 3570,Feb2026-AF-eval.Probe 3616,Feb2026-AF-eval.Probe 3628,Feb2026-AF-eval.Probe 3608,Feb2026-MF-eval.Probe 2200,Feb2026-MF-eval.Probe 2149,Feb2026-MF-eval.Probe 2121,Feb2026-MF-eval.Probe 2138,Feb2026-MF-eval.Probe 2150,Feb2026-MF-eval.Probe 2191,Feb2026-MF-eval.Probe 2186,Feb2026-MF-eval.Probe 2160,Feb2026-SS-eval.Probe 6186,Feb2026-SS-eval.Probe 6210,Feb2026-SS-eval.Probe 6194,Feb2026-SS-eval.Probe 6256,Feb2026-SS-eval.Probe 6241,Feb2026-SS-eval.Probe 6232,Feb2026-SS-eval.Probe 6231,Feb2026-SS-eval.Probe 6224,Feb2026-PS-eval.Probe 5198,Feb2026-PS-eval.Probe 5195,Feb2026-PS-eval.Probe 5193,Feb2026-PS-eval.Probe 5197,Feb2026-PS-eval.Probe 5202,Feb2026-PS-eval.Probe 5206,Feb2026-PS-eval.Probe 5189,Feb2026-PS-eval.Probe 5184
Feb2026-AF-eval.Probe 3630,Feb2026-AF-eval.Probe 3638,Feb2026-AF-eval.Probe 3579,Feb2026-AF-eval.Probe 3574,Feb2026-AF-eval.Probe 3592,Feb2026-AF-eval.Probe 3621,Feb2026-AF-eval.Probe 3598,Feb2026-AF-eval.Probe 3656,Feb2026-MF-eval.Probe 2203,Feb2026-MF-eval.Probe 2119,Feb2026-MF-eval.Probe 2146,Feb2026-MF-eval.Probe 2136,Feb2026-MF-eval.Probe 2195,Feb2026-MF-eval.Probe 2169,Feb2026-MF-eval.Probe 2157,Feb2026-MF-eval.Probe 2175,Feb2026-SS-eval.Probe 6211,Feb2026-SS-eval.Probe 6236,Feb2026-SS-eval.Probe 6199,Feb2026-SS-eval.Probe 6197,Feb2026-SS-eval.Probe 6215,Feb2026-SS-eval.Probe 6232,Feb2026-SS-eval.Probe 6247,Feb2026-SS-eval.Probe 6231,Feb2026-PS-eval.Probe 5201,Feb2026-PS-eval.Probe 5193,Feb2026-PS-eval.Probe 5197,Feb2026-PS-eval.Probe 5202,Feb2026-PS-eval.Probe 5204,Feb2026-PS-eval.Probe 5190,Feb2026-PS-eval.Probe 5188,Feb2026-PS-eval.Probe 5189
Feb2026-AF-eval.Probe 3648,Feb2026-AF-eval.Probe 3594,Feb2026-AF-eval.Probe 3638,Feb2026-AF-eval.Probe 3575,Feb2026-AF-eval.Probe 3641,Feb2026-AF-eval.Probe 3622,Feb2026-AF-eval.Probe 3600,Feb2026-AF-eval.Probe 3568,Feb2026-MF-eval.Probe 2125,Feb2026-MF-eval.Probe 2131,Feb2026-MF-eval.Probe 2192,Feb2026-MF-eval.Probe 2144,Feb2026-MF-eval.Probe 2167,Feb2026-MF-eval.Probe 2195,Feb2026-MF-eval.Probe 2156,Feb2026-MF-eval.Probe 2178,Feb2026-SS-eval.Probe 6235,Feb2026-SS-eval.Probe 6202,Feb2026-SS-eval.Probe 6240,Feb2026-SS-eval.Probe 6190,Feb2026-SS-eval.Probe 6245,Feb2026-SS-eval.Probe 6232,Feb2026-SS-eval.Probe 6188,Feb2026-SS-eval.Probe 6224,Feb2026-PS-eval.Probe 5185,Feb2026-PS-eval.Probe 5201,Feb2026-PS-eval.Probe 5195,Feb2026-PS-eval.Probe 5186,Feb2026-PS-eval.Probe 5200,Feb2026-PS-eval.Probe 5193,Feb2026-PS-eval.Probe 5202,Feb2026-PS-eval.Probe 5204
Feb2026-AF-eval.Probe 3589,Feb2026-AF-eval.Probe 3638,Feb2026-AF-eval.Probe 3581,Feb2026-AF-eval.Probe 3642,Feb2026-AF-eval.Probe 3575,Feb2026-AF-eval.Probe 3647,Feb2026-AF-eval.Probe 3600,Feb2026-AF-eval.Probe 3613,Feb2026-MF-eval.Probe 2140,Feb2026-MF-eval.Probe 2171,Feb2026-MF-eval.Probe 2180,Feb2026-MF-eval.Probe 2192,Feb2026-MF-eval.Probe 2144,Feb2026-MF-eval.Probe 2116,Feb2026-MF-eval.Probe 2196,Feb2026-MF-eval.Probe 2154,Feb2026-SS-eval.Probe 6191,Feb2026-SS-eval.Probe 6186,Feb2026-SS-eval.Probe 6212,Feb2026-SS-eval.Probe 6235,Feb2026-SS-eval.Probe 6250,Feb2026-SS-eval.Probe 6256,Feb2026-SS-eval.Probe 6237,Feb2026-SS-eval.Probe 6222,Feb2026-PS-eval.Probe 5201,Feb2026-PS-eval.Probe 5195,Feb2026-PS-eval.Probe 5186,Feb2026-PS-eval.Probe 5197,Feb2026-PS-eval.Probe 5205,Feb2026-PS-eval.Probe 5206,Feb2026-PS-eval.Probe 5190,Feb2026-PS-eval.Probe 5184
Feb2026-AF-eval.Probe 3578,Feb2026-AF-eval.Probe 3654,Feb2026-AF-eval.Probe 3637,Feb2026-AF-eval.Probe 3585,Feb2026-AF-eval.Probe 3575,Feb2026-AF-eval.Probe 3610,Feb2026-AF-eval.Probe 3633,Feb2026-AF-eval.Probe 3614,Feb2026-MF-eval.Probe 2161,Feb2026-MF-eval.Probe 2148,Feb2026-MF-eval.Probe 2119,Feb2026-MF-eval.Probe 2144,Feb2026-MF-eval.Probe 2143,Feb2026-MF-eval.Probe 2202,Feb2026-MF-eval.Probe 2182,Feb2026-MF-eval.Probe 2195,Feb2026-SS-eval.Probe 6208,Feb2026-SS-eval.Probe 6192,Feb2026-SS-eval.Probe 6235,Feb2026-SS-eval.Probe 6244,Feb2026-SS-eval.Probe 6237,Feb2026-SS-eval.Probe 6195,Feb2026-SS-eval.Probe 6188,Feb2026-SS-eval.Probe 6222,Feb2026-PS-eval.Probe 5196,Feb2026-PS-eval.Probe 5198,Feb2026-PS-eval.Probe 5195,Feb2026-PS-eval.Probe 5187,Feb2026-PS-eval.Probe 5202,Feb2026-PS-eval.Probe 5191,Feb2026-PS-eval.Probe 5206,Feb2026-PS-eval.Probe 5189
